trial,producer,serialization,format,write_seconds,read_seconds,bytes,different_cells
0,vrna,direct,raw,0.0343495,0.0239433,40479873,0
0,vrna,direct,gzip,2.9852,0.267999,16850736,0
0,vrna,generic,raw,0.383549,0.0217923,40479873,0
0,vrna,generic,gzip,3.01589,0.266227,16850736,0
0,stream,direct,raw,0.0339346,0.0211565,40479873,0
0,stream,direct,gzip,2.87353,0.268133,16850736,0
0,stream,generic,raw,0.161544,0.0225503,40479873,0
0,stream,generic,gzip,2.93791,0.255312,16850736,0
1,vrna,generic,gzip,3.00123,0.261814,16850736,0
1,stream,direct,raw,0.108538,0.0238946,40479873,0
1,stream,direct,gzip,2.99695,0.260998,16850736,0
1,stream,generic,raw,0.183074,0.0237418,40479873,0
1,stream,generic,gzip,3.05163,0.267577,16850736,0
1,vrna,direct,raw,0.10758,0.0236052,40479873,0
1,vrna,direct,gzip,3.0188,0.273299,16850736,0
1,vrna,generic,raw,0.164736,0.023654,40479873,0
2,stream,generic,raw,0.160865,0.0269454,40479873,0
2,stream,generic,gzip,3.12204,0.277653,16850736,0
2,vrna,direct,raw,0.112687,0.0239146,40479873,0
2,vrna,direct,gzip,3.0273,0.270982,16850736,0
2,vrna,generic,raw,0.455994,0.0238453,40479873,0
2,vrna,generic,gzip,3.2056,0.309473,16850736,0
2,stream,direct,raw,0.452168,0.0293377,40479873,0
2,stream,direct,gzip,3.2628,0.274283,16850736,0
