case	variant	repetition	warmup	wall_s	user_s	system_s	max_rss_kib	sha256
banded-narrow	baseline	0	True	0.748509165016003	0.73	0.0	18008	5329bce563470bb3905c5b7588ea9b7b22107be1f2abc65e2fca3e509a1d5250
biological-default	candidate	0	True	0.053829810000024736	0.04	0.0	17196	105141fde35a982cbc48d6150d4e45119905956458aeffe76ec88ca142eb5ed8
seed-extension	baseline	0	True	0.13006498100003228	0.12	0.0	18528	4e29dac3b549f78a2f50133b3b5c56f9a841843555ad8be817c5d3d6f92ede7e
seed-extension	candidate	0	True	0.13067681598477066	0.12	0.0	18656	4e29dac3b549f78a2f50133b3b5c56f9a841843555ad8be817c5d3d6f92ede7e
exact-ensemble	candidate	0	True	0.9819709150178824	0.97	0.0	16384	8c280585610d6e7d0b69feae5d9b0119ee2d3571f0931612039d3860f41e629e
exact-ensemble	baseline	0	True	0.9815648299991153	0.97	0.0	16640	8c280585610d6e7d0b69feae5d9b0119ee2d3571f0931612039d3860f41e629e
banded-narrow	candidate	0	True	0.7572962760168593	0.75	0.0	18264	5329bce563470bb3905c5b7588ea9b7b22107be1f2abc65e2fca3e509a1d5250
triangular-base-pair	candidate	0	True	2.379414976981934	2.37	0.0	14720	ee2d3d866c851d9d03f02a25e84ec706f4629ca2c293f9901789b0fdd6026c04
helix-block	baseline	0	True	0.19673078999039717	0.18	0.0	18820	d5b1d130f7b7d2f63a2538e9c11911ba0d4342b8a0e1ed999b59aa46d8a075ce
exact-mfe	candidate	0	True	0.69025363898254	0.68	0.0	16512	b9c138c8a0a452800ca6840c8700d34be78bfb5ecb2a19b4b0f10311c2868d1f
banded-default	candidate	0	True	1.0723729919991456	1.05	0.01	20364	2ab6aafe387def9f392426fdeeed93652895e5d4f93fc9d3e6793ec7368faef9
dense-no-accessibility	baseline	0	True	4.230289809027454	4.22	0.0	15420	5451c638e087cc3fff0d2d35dcdd323c9ccdee1470822a87332c4ac3d856d458
seed-bulges	candidate	0	True	1.0127681890153326	1.0	0.0	24188	bd8537347a02eb0f8b3ceb3e00135db2ee8fc46e443aa4343075133cb8174d0e
biological-default	baseline	0	True	0.053902272979030386	0.04	0.0	17068	105141fde35a982cbc48d6150d4e45119905956458aeffe76ec88ca142eb5ed8
exact-mfe	baseline	0	True	0.6841453249799088	0.67	0.0	16384	b9c138c8a0a452800ca6840c8700d34be78bfb5ecb2a19b4b0f10311c2868d1f
seed-bulges	baseline	0	True	1.0127227320044767	1.0	0.0	24316	bd8537347a02eb0f8b3ceb3e00135db2ee8fc46e443aa4343075133cb8174d0e
dense-no-accessibility	candidate	0	True	3.9657662389799953	3.95	0.0	15420	5451c638e087cc3fff0d2d35dcdd323c9ccdee1470822a87332c4ac3d856d458
triangular-base-pair	baseline	0	True	2.4299706220044754	2.42	0.0	14592	ee2d3d866c851d9d03f02a25e84ec706f4629ca2c293f9901789b0fdd6026c04
banded-default	baseline	0	True	1.0790185799996834	1.06	0.0	20360	2ab6aafe387def9f392426fdeeed93652895e5d4f93fc9d3e6793ec7368faef9
helix-block	candidate	0	True	0.1969136840198189	0.18	0.0	18824	d5b1d130f7b7d2f63a2538e9c11911ba0d4342b8a0e1ed999b59aa46d8a075ce
banded-default	baseline	1	False	1.0722512750071473	1.06	0.0	20364	2ab6aafe387def9f392426fdeeed93652895e5d4f93fc9d3e6793ec7368faef9
exact-mfe	baseline	1	False	0.6942282770178281	0.68	0.0	16512	b9c138c8a0a452800ca6840c8700d34be78bfb5ecb2a19b4b0f10311c2868d1f
seed-extension	baseline	1	False	0.13053329699323513	0.12	0.0	18528	4e29dac3b549f78a2f50133b3b5c56f9a841843555ad8be817c5d3d6f92ede7e
banded-narrow	baseline	1	False	0.7494599880010355	0.74	0.0	18132	5329bce563470bb3905c5b7588ea9b7b22107be1f2abc65e2fca3e509a1d5250
helix-block	baseline	1	False	0.19486815700656734	0.18	0.0	18696	d5b1d130f7b7d2f63a2538e9c11911ba0d4342b8a0e1ed999b59aa46d8a075ce
exact-mfe	candidate	1	False	0.7069615049986169	0.69	0.0	16508	b9c138c8a0a452800ca6840c8700d34be78bfb5ecb2a19b4b0f10311c2868d1f
dense-no-accessibility	candidate	1	False	4.0176698039867915	4.0	0.0	15544	5451c638e087cc3fff0d2d35dcdd323c9ccdee1470822a87332c4ac3d856d458
biological-default	candidate	1	False	0.052929678990039974	0.04	0.0	17068	105141fde35a982cbc48d6150d4e45119905956458aeffe76ec88ca142eb5ed8
seed-extension	candidate	1	False	0.13123885198729113	0.12	0.0	18528	4e29dac3b549f78a2f50133b3b5c56f9a841843555ad8be817c5d3d6f92ede7e
seed-bulges	baseline	1	False	1.019247093994636	1.0	0.01	24316	bd8537347a02eb0f8b3ceb3e00135db2ee8fc46e443aa4343075133cb8174d0e
helix-block	candidate	1	False	0.21852754900464788	0.21	0.0	18824	d5b1d130f7b7d2f63a2538e9c11911ba0d4342b8a0e1ed999b59aa46d8a075ce
biological-default	baseline	1	False	0.05390525099937804	0.04	0.0	17324	105141fde35a982cbc48d6150d4e45119905956458aeffe76ec88ca142eb5ed8
banded-narrow	candidate	1	False	0.7592199039936531	0.75	0.0	18264	5329bce563470bb3905c5b7588ea9b7b22107be1f2abc65e2fca3e509a1d5250
triangular-base-pair	baseline	1	False	2.5025068250251934	2.49	0.0	14592	ee2d3d866c851d9d03f02a25e84ec706f4629ca2c293f9901789b0fdd6026c04
dense-no-accessibility	baseline	1	False	4.105743416992482	4.09	0.0	15420	5451c638e087cc3fff0d2d35dcdd323c9ccdee1470822a87332c4ac3d856d458
banded-default	candidate	1	False	1.0784328089794144	1.07	0.0	20492	2ab6aafe387def9f392426fdeeed93652895e5d4f93fc9d3e6793ec7368faef9
exact-ensemble	baseline	1	False	0.9777506150130648	0.97	0.0	16636	8c280585610d6e7d0b69feae5d9b0119ee2d3571f0931612039d3860f41e629e
exact-ensemble	candidate	1	False	0.9771509199927095	0.96	0.0	16384	8c280585610d6e7d0b69feae5d9b0119ee2d3571f0931612039d3860f41e629e
triangular-base-pair	candidate	1	False	2.389686937996885	2.38	0.0	14592	ee2d3d866c851d9d03f02a25e84ec706f4629ca2c293f9901789b0fdd6026c04
seed-bulges	candidate	1	False	1.0261880180041771	1.0	0.01	24576	bd8537347a02eb0f8b3ceb3e00135db2ee8fc46e443aa4343075133cb8174d0e
seed-extension	candidate	2	False	0.12970469900756143	0.12	0.0	18532	4e29dac3b549f78a2f50133b3b5c56f9a841843555ad8be817c5d3d6f92ede7e
triangular-base-pair	baseline	2	False	2.412077880988363	2.4	0.0	14592	ee2d3d866c851d9d03f02a25e84ec706f4629ca2c293f9901789b0fdd6026c04
biological-default	candidate	2	False	0.054381732014007866	0.04	0.0	17328	105141fde35a982cbc48d6150d4e45119905956458aeffe76ec88ca142eb5ed8
biological-default	baseline	2	False	0.05381018598563969	0.04	0.0	17200	105141fde35a982cbc48d6150d4e45119905956458aeffe76ec88ca142eb5ed8
dense-no-accessibility	baseline	2	False	3.9219096369924955	3.9	0.01	15288	5451c638e087cc3fff0d2d35dcdd323c9ccdee1470822a87332c4ac3d856d458
seed-bulges	candidate	2	False	1.0077957839821465	0.99	0.01	24496	bd8537347a02eb0f8b3ceb3e00135db2ee8fc46e443aa4343075133cb8174d0e
helix-block	candidate	2	False	0.19335647198022343	0.18	0.0	18692	d5b1d130f7b7d2f63a2538e9c11911ba0d4342b8a0e1ed999b59aa46d8a075ce
exact-mfe	candidate	2	False	0.6848772919911426	0.67	0.0	16636	b9c138c8a0a452800ca6840c8700d34be78bfb5ecb2a19b4b0f10311c2868d1f
banded-default	candidate	2	False	1.0675118719809689	1.05	0.0	20492	2ab6aafe387def9f392426fdeeed93652895e5d4f93fc9d3e6793ec7368faef9
exact-mfe	baseline	2	False	0.680244479997782	0.66	0.0	16640	b9c138c8a0a452800ca6840c8700d34be78bfb5ecb2a19b4b0f10311c2868d1f
seed-extension	baseline	2	False	0.13002752800821327	0.11	0.0	18532	4e29dac3b549f78a2f50133b3b5c56f9a841843555ad8be817c5d3d6f92ede7e
banded-narrow	candidate	2	False	0.747600399015937	0.74	0.0	18264	5329bce563470bb3905c5b7588ea9b7b22107be1f2abc65e2fca3e509a1d5250
helix-block	baseline	2	False	0.19494313400355168	0.18	0.0	18824	d5b1d130f7b7d2f63a2538e9c11911ba0d4342b8a0e1ed999b59aa46d8a075ce
triangular-base-pair	candidate	2	False	2.3863645019882824	2.37	0.0	14720	ee2d3d866c851d9d03f02a25e84ec706f4629ca2c293f9901789b0fdd6026c04
dense-no-accessibility	candidate	2	False	4.009611593995942	3.99	0.0	15292	5451c638e087cc3fff0d2d35dcdd323c9ccdee1470822a87332c4ac3d856d458
seed-bulges	baseline	2	False	1.0244588130153716	1.01	0.01	24448	bd8537347a02eb0f8b3ceb3e00135db2ee8fc46e443aa4343075133cb8174d0e
exact-ensemble	candidate	2	False	0.9934219329734333	0.98	0.0	16384	8c280585610d6e7d0b69feae5d9b0119ee2d3571f0931612039d3860f41e629e
banded-default	baseline	2	False	1.080055470985826	1.06	0.0	20492	2ab6aafe387def9f392426fdeeed93652895e5d4f93fc9d3e6793ec7368faef9
exact-ensemble	baseline	2	False	0.9788159620075021	0.97	0.0	16636	8c280585610d6e7d0b69feae5d9b0119ee2d3571f0931612039d3860f41e629e
banded-narrow	baseline	2	False	0.746295086981263	0.73	0.0	18004	5329bce563470bb3905c5b7588ea9b7b22107be1f2abc65e2fca3e509a1d5250
seed-bulges	candidate	3	False	1.0149268800159916	0.99	0.01	24448	bd8537347a02eb0f8b3ceb3e00135db2ee8fc46e443aa4343075133cb8174d0e
exact-ensemble	candidate	3	False	1.0010013820137829	0.99	0.0	16512	8c280585610d6e7d0b69feae5d9b0119ee2d3571f0931612039d3860f41e629e
dense-no-accessibility	candidate	3	False	4.0274970380123705	4.01	0.0	15284	5451c638e087cc3fff0d2d35dcdd323c9ccdee1470822a87332c4ac3d856d458
banded-narrow	baseline	3	False	0.7617115470056888	0.75	0.0	18136	5329bce563470bb3905c5b7588ea9b7b22107be1f2abc65e2fca3e509a1d5250
biological-default	baseline	3	False	0.053766514000017196	0.04	0.0	17196	105141fde35a982cbc48d6150d4e45119905956458aeffe76ec88ca142eb5ed8
dense-no-accessibility	baseline	3	False	4.007093457999872	3.99	0.0	15416	5451c638e087cc3fff0d2d35dcdd323c9ccdee1470822a87332c4ac3d856d458
banded-default	candidate	3	False	1.1033082619833294	1.09	0.0	20360	2ab6aafe387def9f392426fdeeed93652895e5d4f93fc9d3e6793ec7368faef9
helix-block	candidate	3	False	0.1982204559899401	0.18	0.0	18692	d5b1d130f7b7d2f63a2538e9c11911ba0d4342b8a0e1ed999b59aa46d8a075ce
seed-extension	candidate	3	False	0.1319897020002827	0.12	0.0	18660	4e29dac3b549f78a2f50133b3b5c56f9a841843555ad8be817c5d3d6f92ede7e
seed-extension	baseline	3	False	0.13220640399958938	0.12	0.0	18532	4e29dac3b549f78a2f50133b3b5c56f9a841843555ad8be817c5d3d6f92ede7e
helix-block	baseline	3	False	0.1980427590024192	0.18	0.0	18820	d5b1d130f7b7d2f63a2538e9c11911ba0d4342b8a0e1ed999b59aa46d8a075ce
banded-narrow	candidate	3	False	0.7636790300020948	0.75	0.0	18008	5329bce563470bb3905c5b7588ea9b7b22107be1f2abc65e2fca3e509a1d5250
banded-default	baseline	3	False	1.0845191730186343	1.07	0.0	20364	2ab6aafe387def9f392426fdeeed93652895e5d4f93fc9d3e6793ec7368faef9
biological-default	candidate	3	False	0.05415553899365477	0.04	0.0	17200	105141fde35a982cbc48d6150d4e45119905956458aeffe76ec88ca142eb5ed8
triangular-base-pair	candidate	3	False	2.403063821984688	2.39	0.0	14720	ee2d3d866c851d9d03f02a25e84ec706f4629ca2c293f9901789b0fdd6026c04
exact-ensemble	baseline	3	False	0.9855942669964861	0.97	0.0	16640	8c280585610d6e7d0b69feae5d9b0119ee2d3571f0931612039d3860f41e629e
seed-bulges	baseline	3	False	1.0205752179899719	1.0	0.01	24448	bd8537347a02eb0f8b3ceb3e00135db2ee8fc46e443aa4343075133cb8174d0e
exact-mfe	candidate	3	False	0.7091608720074873	0.7	0.0	16768	b9c138c8a0a452800ca6840c8700d34be78bfb5ecb2a19b4b0f10311c2868d1f
exact-mfe	baseline	3	False	0.6855379629996605	0.67	0.0	16640	b9c138c8a0a452800ca6840c8700d34be78bfb5ecb2a19b4b0f10311c2868d1f
triangular-base-pair	baseline	3	False	2.430000252003083	2.42	0.0	14592	ee2d3d866c851d9d03f02a25e84ec706f4629ca2c293f9901789b0fdd6026c04
seed-bulges	baseline	4	False	1.0145660449925344	1.0	0.01	24448	bd8537347a02eb0f8b3ceb3e00135db2ee8fc46e443aa4343075133cb8174d0e
banded-narrow	candidate	4	False	0.750193821004359	0.74	0.0	18132	5329bce563470bb3905c5b7588ea9b7b22107be1f2abc65e2fca3e509a1d5250
dense-no-accessibility	baseline	4	False	3.941041692014551	3.92	0.0	15416	5451c638e087cc3fff0d2d35dcdd323c9ccdee1470822a87332c4ac3d856d458
exact-ensemble	baseline	4	False	0.9844577139883768	0.97	0.0	16640	8c280585610d6e7d0b69feae5d9b0119ee2d3571f0931612039d3860f41e629e
seed-extension	candidate	4	False	0.13126711000222713	0.12	0.0	18400	4e29dac3b549f78a2f50133b3b5c56f9a841843555ad8be817c5d3d6f92ede7e
dense-no-accessibility	candidate	4	False	3.993995585013181	3.98	0.0	15544	5451c638e087cc3fff0d2d35dcdd323c9ccdee1470822a87332c4ac3d856d458
exact-mfe	baseline	4	False	0.7005224649910815	0.69	0.0	16636	b9c138c8a0a452800ca6840c8700d34be78bfb5ecb2a19b4b0f10311c2868d1f
exact-ensemble	candidate	4	False	0.984857142000692	0.97	0.0	16768	8c280585610d6e7d0b69feae5d9b0119ee2d3571f0931612039d3860f41e629e
exact-mfe	candidate	4	False	0.6909903499763459	0.68	0.0	16768	b9c138c8a0a452800ca6840c8700d34be78bfb5ecb2a19b4b0f10311c2868d1f
banded-narrow	baseline	4	False	0.7487436160154175	0.74	0.0	18136	5329bce563470bb3905c5b7588ea9b7b22107be1f2abc65e2fca3e509a1d5250
seed-extension	baseline	4	False	0.13062545499997213	0.12	0.0	18532	4e29dac3b549f78a2f50133b3b5c56f9a841843555ad8be817c5d3d6f92ede7e
helix-block	candidate	4	False	0.193796725012362	0.18	0.0	18948	d5b1d130f7b7d2f63a2538e9c11911ba0d4342b8a0e1ed999b59aa46d8a075ce
triangular-base-pair	candidate	4	False	2.3743815569905564	2.36	0.0	14720	ee2d3d866c851d9d03f02a25e84ec706f4629ca2c293f9901789b0fdd6026c04
triangular-base-pair	baseline	4	False	2.43054360098904	2.42	0.0	14464	ee2d3d866c851d9d03f02a25e84ec706f4629ca2c293f9901789b0fdd6026c04
biological-default	candidate	4	False	0.056888616993092	0.04	0.0	17196	105141fde35a982cbc48d6150d4e45119905956458aeffe76ec88ca142eb5ed8
banded-default	baseline	4	False	1.0727517240156885	1.06	0.0	20488	2ab6aafe387def9f392426fdeeed93652895e5d4f93fc9d3e6793ec7368faef9
helix-block	baseline	4	False	0.19768703999579884	0.18	0.0	18824	d5b1d130f7b7d2f63a2538e9c11911ba0d4342b8a0e1ed999b59aa46d8a075ce
banded-default	candidate	4	False	1.0709572880004998	1.06	0.0	20616	2ab6aafe387def9f392426fdeeed93652895e5d4f93fc9d3e6793ec7368faef9
biological-default	baseline	4	False	0.053800850990228355	0.04	0.0	17196	105141fde35a982cbc48d6150d4e45119905956458aeffe76ec88ca142eb5ed8
seed-bulges	candidate	4	False	1.017281427019043	1.0	0.01	24320	bd8537347a02eb0f8b3ceb3e00135db2ee8fc46e443aa4343075133cb8174d0e
helix-block	candidate	5	False	0.19911300501553342	0.18	0.0	18568	d5b1d130f7b7d2f63a2538e9c11911ba0d4342b8a0e1ed999b59aa46d8a075ce
banded-default	candidate	5	False	1.080931734002661	1.06	0.0	20488	2ab6aafe387def9f392426fdeeed93652895e5d4f93fc9d3e6793ec7368faef9
banded-narrow	candidate	5	False	0.7637649679963943	0.75	0.0	17880	5329bce563470bb3905c5b7588ea9b7b22107be1f2abc65e2fca3e509a1d5250
dense-no-accessibility	baseline	5	False	3.9499355830193963	3.94	0.0	15416	5451c638e087cc3fff0d2d35dcdd323c9ccdee1470822a87332c4ac3d856d458
banded-default	baseline	5	False	1.0821002619923092	1.07	0.0	20236	2ab6aafe387def9f392426fdeeed93652895e5d4f93fc9d3e6793ec7368faef9
triangular-base-pair	candidate	5	False	2.380466925998917	2.37	0.0	14720	ee2d3d866c851d9d03f02a25e84ec706f4629ca2c293f9901789b0fdd6026c04
exact-mfe	candidate	5	False	0.6919861320056953	0.68	0.0	16512	b9c138c8a0a452800ca6840c8700d34be78bfb5ecb2a19b4b0f10311c2868d1f
triangular-base-pair	baseline	5	False	2.435454866994405	2.42	0.0	14720	ee2d3d866c851d9d03f02a25e84ec706f4629ca2c293f9901789b0fdd6026c04
seed-bulges	baseline	5	False	1.0204134389932733	1.0	0.01	24316	bd8537347a02eb0f8b3ceb3e00135db2ee8fc46e443aa4343075133cb8174d0e
biological-default	baseline	5	False	0.053386224986752495	0.04	0.0	17200	105141fde35a982cbc48d6150d4e45119905956458aeffe76ec88ca142eb5ed8
banded-narrow	baseline	5	False	0.758633858000394	0.74	0.0	18004	5329bce563470bb3905c5b7588ea9b7b22107be1f2abc65e2fca3e509a1d5250
seed-bulges	candidate	5	False	1.0201335650053807	1.0	0.01	24320	bd8537347a02eb0f8b3ceb3e00135db2ee8fc46e443aa4343075133cb8174d0e
dense-no-accessibility	candidate	5	False	3.9980762990016956	3.98	0.0	15544	5451c638e087cc3fff0d2d35dcdd323c9ccdee1470822a87332c4ac3d856d458
helix-block	baseline	5	False	0.19587320199934766	0.18	0.0	18952	d5b1d130f7b7d2f63a2538e9c11911ba0d4342b8a0e1ed999b59aa46d8a075ce
seed-extension	candidate	5	False	0.12946359199122526	0.12	0.0	18660	4e29dac3b549f78a2f50133b3b5c56f9a841843555ad8be817c5d3d6f92ede7e
exact-ensemble	baseline	5	False	0.9801981329801492	0.97	0.0	16764	8c280585610d6e7d0b69feae5d9b0119ee2d3571f0931612039d3860f41e629e
seed-extension	baseline	5	False	0.12967221898725256	0.12	0.0	18400	4e29dac3b549f78a2f50133b3b5c56f9a841843555ad8be817c5d3d6f92ede7e
exact-ensemble	candidate	5	False	0.9760011530015618	0.96	0.0	16640	8c280585610d6e7d0b69feae5d9b0119ee2d3571f0931612039d3860f41e629e
exact-mfe	baseline	5	False	0.681056217988953	0.67	0.0	16508	b9c138c8a0a452800ca6840c8700d34be78bfb5ecb2a19b4b0f10311c2868d1f
biological-default	candidate	5	False	0.05329809497925453	0.04	0.0	17072	105141fde35a982cbc48d6150d4e45119905956458aeffe76ec88ca142eb5ed8
dense-no-accessibility	candidate	6	False	3.972242271003779	3.96	0.0	15412	5451c638e087cc3fff0d2d35dcdd323c9ccdee1470822a87332c4ac3d856d458
banded-default	baseline	6	False	1.0732750840252265	1.06	0.0	20492	2ab6aafe387def9f392426fdeeed93652895e5d4f93fc9d3e6793ec7368faef9
banded-narrow	baseline	6	False	0.7524369099992327	0.74	0.0	18136	5329bce563470bb3905c5b7588ea9b7b22107be1f2abc65e2fca3e509a1d5250
seed-bulges	candidate	6	False	1.0194505229883362	1.0	0.01	24324	bd8537347a02eb0f8b3ceb3e00135db2ee8fc46e443aa4343075133cb8174d0e
biological-default	baseline	6	False	0.07208988099591807	0.06	0.0	17200	105141fde35a982cbc48d6150d4e45119905956458aeffe76ec88ca142eb5ed8
exact-mfe	baseline	6	False	0.6927969090174884	0.68	0.0	16512	b9c138c8a0a452800ca6840c8700d34be78bfb5ecb2a19b4b0f10311c2868d1f
exact-mfe	candidate	6	False	0.7001914370048326	0.69	0.0	16508	b9c138c8a0a452800ca6840c8700d34be78bfb5ecb2a19b4b0f10311c2868d1f
banded-narrow	candidate	6	False	0.7616175840084907	0.75	0.0	18008	5329bce563470bb3905c5b7588ea9b7b22107be1f2abc65e2fca3e509a1d5250
biological-default	candidate	6	False	0.054218976001720876	0.04	0.0	16944	105141fde35a982cbc48d6150d4e45119905956458aeffe76ec88ca142eb5ed8
helix-block	candidate	6	False	0.19713925800169818	0.18	0.0	18696	d5b1d130f7b7d2f63a2538e9c11911ba0d4342b8a0e1ed999b59aa46d8a075ce
seed-extension	candidate	6	False	0.13204737298656255	0.12	0.0	18404	4e29dac3b549f78a2f50133b3b5c56f9a841843555ad8be817c5d3d6f92ede7e
triangular-base-pair	baseline	6	False	2.4657496720028576	2.45	0.0	14592	ee2d3d866c851d9d03f02a25e84ec706f4629ca2c293f9901789b0fdd6026c04
exact-ensemble	baseline	6	False	0.994601194979623	0.98	0.0	16508	8c280585610d6e7d0b69feae5d9b0119ee2d3571f0931612039d3860f41e629e
seed-bulges	baseline	6	False	1.026366575009888	1.01	0.0	24192	bd8537347a02eb0f8b3ceb3e00135db2ee8fc46e443aa4343075133cb8174d0e
seed-extension	baseline	6	False	0.13164772000163794	0.12	0.0	18528	4e29dac3b549f78a2f50133b3b5c56f9a841843555ad8be817c5d3d6f92ede7e
triangular-base-pair	candidate	6	False	2.4138111770153046	2.4	0.0	14464	ee2d3d866c851d9d03f02a25e84ec706f4629ca2c293f9901789b0fdd6026c04
helix-block	baseline	6	False	0.19486837802105583	0.18	0.0	18692	d5b1d130f7b7d2f63a2538e9c11911ba0d4342b8a0e1ed999b59aa46d8a075ce
dense-no-accessibility	baseline	6	False	3.987991597998189	3.97	0.0	15668	5451c638e087cc3fff0d2d35dcdd323c9ccdee1470822a87332c4ac3d856d458
banded-default	candidate	6	False	1.0942632410151418	1.08	0.0	20492	2ab6aafe387def9f392426fdeeed93652895e5d4f93fc9d3e6793ec7368faef9
exact-ensemble	candidate	6	False	0.9948785779997706	0.98	0.0	16512	8c280585610d6e7d0b69feae5d9b0119ee2d3571f0931612039d3860f41e629e
exact-ensemble	baseline	7	False	0.9979603519896045	0.99	0.0	16508	8c280585610d6e7d0b69feae5d9b0119ee2d3571f0931612039d3860f41e629e
biological-default	candidate	7	False	0.05436836200533435	0.04	0.0	17072	105141fde35a982cbc48d6150d4e45119905956458aeffe76ec88ca142eb5ed8
seed-extension	baseline	7	False	0.1316904489940498	0.12	0.0	18660	4e29dac3b549f78a2f50133b3b5c56f9a841843555ad8be817c5d3d6f92ede7e
exact-ensemble	candidate	7	False	0.9869280020066071	0.97	0.0	16640	8c280585610d6e7d0b69feae5d9b0119ee2d3571f0931612039d3860f41e629e
seed-bulges	candidate	7	False	1.0115285690117162	0.99	0.01	24320	bd8537347a02eb0f8b3ceb3e00135db2ee8fc46e443aa4343075133cb8174d0e
helix-block	candidate	7	False	0.19749678400694393	0.18	0.01	18824	d5b1d130f7b7d2f63a2538e9c11911ba0d4342b8a0e1ed999b59aa46d8a075ce
banded-narrow	baseline	7	False	0.7603128549817484	0.75	0.0	18004	5329bce563470bb3905c5b7588ea9b7b22107be1f2abc65e2fca3e509a1d5250
seed-extension	candidate	7	False	0.13174183800583705	0.12	0.0	18528	4e29dac3b549f78a2f50133b3b5c56f9a841843555ad8be817c5d3d6f92ede7e
exact-mfe	baseline	7	False	0.683925209013978	0.67	0.0	16768	b9c138c8a0a452800ca6840c8700d34be78bfb5ecb2a19b4b0f10311c2868d1f
biological-default	baseline	7	False	0.05364844799623825	0.04	0.0	17324	105141fde35a982cbc48d6150d4e45119905956458aeffe76ec88ca142eb5ed8
seed-bulges	baseline	7	False	1.0122875639935955	0.99	0.0	24316	bd8537347a02eb0f8b3ceb3e00135db2ee8fc46e443aa4343075133cb8174d0e
helix-block	baseline	7	False	0.19527189401560463	0.18	0.0	18952	d5b1d130f7b7d2f63a2538e9c11911ba0d4342b8a0e1ed999b59aa46d8a075ce
triangular-base-pair	baseline	7	False	2.429712784010917	2.42	0.0	14464	ee2d3d866c851d9d03f02a25e84ec706f4629ca2c293f9901789b0fdd6026c04
dense-no-accessibility	candidate	7	False	3.952714154002024	3.94	0.0	15416	5451c638e087cc3fff0d2d35dcdd323c9ccdee1470822a87332c4ac3d856d458
dense-no-accessibility	baseline	7	False	3.9070906529959757	3.89	0.0	15544	5451c638e087cc3fff0d2d35dcdd323c9ccdee1470822a87332c4ac3d856d458
banded-default	candidate	7	False	1.0620757259894162	1.05	0.0	20616	2ab6aafe387def9f392426fdeeed93652895e5d4f93fc9d3e6793ec7368faef9
exact-mfe	candidate	7	False	0.6853935719991568	0.67	0.0	16640	b9c138c8a0a452800ca6840c8700d34be78bfb5ecb2a19b4b0f10311c2868d1f
banded-narrow	candidate	7	False	0.7484049310151022	0.73	0.0	18004	5329bce563470bb3905c5b7588ea9b7b22107be1f2abc65e2fca3e509a1d5250
triangular-base-pair	candidate	7	False	2.4042081009829417	2.39	0.0	14720	ee2d3d866c851d9d03f02a25e84ec706f4629ca2c293f9901789b0fdd6026c04
banded-default	baseline	7	False	1.0850039450160693	1.07	0.0	20360	2ab6aafe387def9f392426fdeeed93652895e5d4f93fc9d3e6793ec7368faef9
