case,category,n,median_s,min_s,max_s,median_user_s,median_system_s,median_rss_mib,peak_rss_mib,stable_output,rows,canonical_sha256
bio_fhla_oxys,biological,3,0.05311252799947397,0.05267703199933749,0.05330235899964464,0.04,0.0,16.76953125,16.890625,True,1,165ff5f67bf5903614b8fc7653fff64248c219da11cff07801126618cb05d286
bio_phob_gcvb,biological,3,0.9048649590004061,0.9041859469998599,0.910416979000729,0.89,0.0,18.2890625,18.40625,True,1,1cbb12dbc0dc51f763f8761b0dc0f09f1edabff1383765f5573802b39efc2d82
bio_ilve_gcvb,biological,3,1.1177904800006218,1.1098662849999528,1.1199043919987162,1.11,0.0,18.16015625,18.2578125,True,1,360b4839a53650b69187f15173e31d6d5381f92ae2160eb5f0b491459f1522c1
length_t100_q100,target_length,3,0.04297343200050818,0.042549560999759706,0.043153796999831684,0.03,0.0,16.5078125,16.63671875,True,1,56e5e9e3e2708eb4bcf8337d70e579627c7e358db58ae114d83fcefa3f3f476f
length_t300_q100,target_length,3,0.20398754899906635,0.20377666300009878,0.20510399199883977,0.19,0.0,18.01171875,18.13671875,True,1,0d3e8635baedfd7caec8224bc3b868ac8d1cef5fb1160e38c9688b423890bfbc
length_t1000_q100,target_length,3,0.8101189760000125,0.807303341000079,0.8149262689985335,0.79,0.0,20.015625,20.01953125,True,1,4e85ea382cca678c872dbd6a2db44166587c7287303aa9430e518c4eeeb1d532
length_t3000_q100,target_length,3,2.6574072240000532,2.653409743999873,2.658127496999441,2.64,0.01,23.8984375,24.06640625,True,1,ac0a33d379862a416bc3edd687b88afefeac18cdad25cf106c21f5973e63347d
length_t10000_q100,target_length,3,8.401225682000586,8.388628941000206,8.424986698999419,8.38,0.01,37.42578125,37.671875,True,1,5d6c1f384d539bc5fda5616d5e11d9e98d24ec10b9298782d00b5b7ec7296fcd
length_t300_q50,query_length,3,0.10347363499931816,0.10279123500004061,0.10393947699958517,0.09,0.0,18.3046875,18.34765625,True,1,306b50b1ba0f69f92f99c496bf5e4bf49df25dacf81605158b8799c778ff3702
length_t300_q200,query_length,3,0.5733741499989264,0.5692940849985462,0.5735474619996239,0.56,0.0,18.25390625,18.41015625,True,1,6e747a8a8fe75f9c3ea2b57537a98d51ea59616524b823e3f6281c80f3458fd1
length_t300_q400,query_length,3,1.210416753001482,1.2092694920011127,1.2208449209992978,1.2,0.0,18.5,18.75,True,1,767a9a3562e1a189027c80752807d58f04e3a292170bc7419dd07bf50dcd6e0a
length_t300_q800,query_length,3,3.3678859979991103,3.352356850000433,3.3691409359998943,3.35,0.01,19.375,19.5,True,1,ca61b547d1e7ee200285984443ed31e91c4e4b5e8818554f5802b2f586f3062c
composition_gc20,composition,3,0.19941384500089043,0.19747878199996194,0.20368136399883952,0.19,0.0,18.26171875,18.43359375,True,1,189bf014e7d2ecf315f52ea263a07972193755459722acc1e552c3a7bf35594a
composition_gc50,composition,3,0.25147621799987974,0.24987973399947805,0.25297503900037555,0.24,0.0,18.13671875,18.18359375,True,1,97eeb679802b461e8a3a14eeb519da4c34905020af9441c18e4cb58ed5865c97
composition_gc80,composition,3,0.4257303199992748,0.42270617600115656,0.4260617199997796,0.41,0.0,18.26171875,18.38671875,True,1,80044679dfb32d6557b6a2c49cff1104d2b8c4fa1c663cdb8ca3bbcebfa8a6d0
au_repeat,composition,3,0.11960499999986496,0.11916325099991809,0.12141708899980586,0.11,0.0,18.26171875,18.265625,True,0,fb7b0ab27f7951fea96b26324d9a43c9f11ff581221bd2c0e66b03abf29b6bdc
gc_repeat,composition,3,2.981876055000612,2.9627011630000197,3.048331792000681,2.96,0.0,18.26171875,18.265625,True,1,a1373de561508fe6b2ad026f3736f4939de7abef19875ad490390166de1a315c
no_pair,composition,3,0.04049188399949344,0.03931197699967015,0.0404932599994936,0.03,0.0,18.13671875,18.18359375,True,0,fb7b0ab27f7951fea96b26324d9a43c9f11ff581221bd2c0e66b03abf29b6bdc
algorithm_default,algorithm,3,0.04356317699966894,0.042842996001127176,0.04384614800073905,0.03,0.0,16.63671875,16.63671875,True,1,56e5e9e3e2708eb4bcf8337d70e579627c7e358db58ae114d83fcefa3f3f476f
algorithm_exact_x,algorithm,3,0.186771573000442,0.18585501800043858,0.18866590000106953,0.17,0.0,16.3828125,16.5078125,True,1,56e5e9e3e2708eb4bcf8337d70e579627c7e358db58ae114d83fcefa3f3f476f
algorithm_heuristic_s,algorithm,3,0.09547136799847067,0.09464640700025484,0.09693116599919449,0.09,0.0,16.5078125,16.6328125,True,1,56e5e9e3e2708eb4bcf8337d70e579627c7e358db58ae114d83fcefa3f3f476f
algorithm_exact_s,algorithm,3,6.4165335620000405,6.402903332000278,6.463905681999677,6.41,0.0,16.63671875,16.63671875,True,1,56e5e9e3e2708eb4bcf8337d70e579627c7e358db58ae114d83fcefa3f3f476f
algorithm_helix,algorithm,3,0.05346859299970674,0.05328694499985431,0.053536890000032145,0.04,0.0,16.6328125,16.7578125,True,1,56e5e9e3e2708eb4bcf8337d70e579627c7e358db58ae114d83fcefa3f3f476f
algorithm_no_seed,algorithm,3,0.07715779200043471,0.07661159099916404,0.07727266199981386,0.06,0.0,16.6328125,16.7578125,True,1,56e5e9e3e2708eb4bcf8337d70e579627c7e358db58ae114d83fcefa3f3f476f
algorithm_gapped_seed,algorithm,3,0.07149437999942165,0.07076385999971535,0.07264380500055267,0.06,0.0,18.04296875,18.1328125,True,1,56e5e9e3e2708eb4bcf8337d70e579627c7e358db58ae114d83fcefa3f3f476f
algorithm_seed_only,algorithm,3,0.032476569000209565,0.03216685699953814,0.032537322000280255,0.02,0.0,16.3828125,16.6640625,True,1,56e5e9e3e2708eb4bcf8337d70e579627c7e358db58ae114d83fcefa3f3f476f
algorithm_no_lonely_pairs,algorithm,3,0.034585716000947286,0.03425721299936413,0.034817643001588294,0.02,0.0,16.60546875,16.6328125,True,1,56e5e9e3e2708eb4bcf8337d70e579627c7e358db58ae114d83fcefa3f3f476f
algorithm_loop0,algorithm,3,0.03268306300014956,0.03217319199939084,0.03278407300058461,0.02,0.0,16.6328125,16.7578125,True,1,56e5e9e3e2708eb4bcf8337d70e579627c7e358db58ae114d83fcefa3f3f476f
algorithm_loop30,algorithm,3,0.06567711199932091,0.06554265599879727,0.06587282200052869,0.05,0.0,16.6328125,16.75390625,True,1,56e5e9e3e2708eb4bcf8337d70e579627c7e358db58ae114d83fcefa3f3f476f
algorithm_out10,algorithm,3,0.04272188899994944,0.04255160399952729,0.04340255599890952,0.03,0.0,16.6328125,16.7578125,True,10,b00eb59272866c987a9472abd3fb6d809f4121b79af5846db2c6455bc0eab26d
algorithm_out100,algorithm,3,0.04367032699883566,0.04364978599915048,0.04413055999975768,0.03,0.0,16.6328125,16.80078125,True,10,b00eb59272866c987a9472abd3fb6d809f4121b79af5846db2c6455bc0eab26d
ensemble_H,ensemble,3,0.023964510999576305,0.023814549000235274,0.024849977000485524,0.01,0.0,16.109375,16.109375,True,1,7dda568de98828b65c7b97ae0ba4fdfe40da87c137d5b19cc330ba74b6324cfe
ensemble_M,ensemble,3,0.1256065409997973,0.12520210799993947,0.12824506700053462,0.11,0.0,19.109375,19.48046875,True,1,7dda568de98828b65c7b97ae0ba4fdfe40da87c137d5b19cc330ba74b6324cfe
accessibility_computed,accessibility,3,0.8111153529989679,0.8107221929985826,0.8122623590006697,0.8,0.0,20.03125,20.1640625,True,1,4e85ea382cca678c872dbd6a2db44166587c7287303aa9430e518c4eeeb1d532
accessibility_none,accessibility,3,1.2353962300003332,1.2294552229996043,1.2413137439998536,1.22,0.0,14.43359375,14.625,True,1,1836b8f2c4bae6486aa393339603a0a66cd8c8024431adffe12599dae07fba9d
accessibility_global,accessibility,3,4.143280653999682,4.085417492000488,4.160320942999533,4.1,0.03,86.390625,86.39453125,True,1,3b21e4b0a492e85905829375d0fccd09016bc96db45aa12fad319b9093de11a7
accessibility_window75,accessibility,3,0.5819201350004732,0.5798393589993793,0.5849099740007659,0.57,0.0,16.83984375,16.875,True,1,8e0f5949fc149acdad9722ad4ecd151cd8dc5a9ad81243d5ad37df3be6c95710
accessibility_cap75_control,accessibility,3,0.5769702249999682,0.5721735940005601,0.5971190840009513,0.56,0.0,19.62890625,19.6328125,True,1,4e85ea382cca678c872dbd6a2db44166587c7287303aa9430e518c4eeeb1d532
window_300,prediction_windows,3,3.4353978610015474,3.4317476189989975,3.4410522950001905,3.42,0.0,23.7734375,23.8984375,True,1,ac0a33d379862a416bc3edd687b88afefeac18cdad25cf106c21f5973e63347d
window_600,prediction_windows,3,2.874217722001049,2.85849842800053,2.9348336559996824,2.86,0.0,23.90234375,24.0703125,True,1,ac0a33d379862a416bc3edd687b88afefeac18cdad25cf106c21f5973e63347d
throughput_1t,thread_scaling,3,4.94394061300045,4.929334413998731,5.006196854999871,4.85,0.08,18.70703125,18.70703125,True,46,63bb224be6a2c81e5a472b987e2a567aa5b94d11b409fa98363006bc2c29c35f
throughput_2t,thread_scaling,3,2.5557217730001867,2.5268180830007623,2.5567518139996537,4.98,0.08,22.98046875,23.01953125,True,46,63bb224be6a2c81e5a472b987e2a567aa5b94d11b409fa98363006bc2c29c35f
throughput_4t,thread_scaling,3,1.457132179999462,1.4408184200001415,1.4654113249998773,5.49,0.09,31.36328125,31.41796875,True,46,63bb224be6a2c81e5a472b987e2a567aa5b94d11b409fa98363006bc2c29c35f
throughput_6t,thread_scaling,3,1.1035434080004052,1.1029328830009035,1.1304035789999034,6.03,0.1,39.953125,40.1015625,True,46,63bb224be6a2c81e5a472b987e2a567aa5b94d11b409fa98363006bc2c29c35f
throughput_12t,thread_scaling,3,0.9737667690005765,0.9697374300012598,0.9973698590001732,9.99,0.21,65.25390625,65.34375,True,46,63bb224be6a2c81e5a472b987e2a567aa5b94d11b409fa98363006bc2c29c35f
memory_t3000_q800,memory_stress,3,41.342943921999904,41.023752807001074,41.38111244100037,41.33,0.01,24.1640625,24.49609375,True,1,4b13141f180ec263b2ab5741978980aa0dad0358121f48e94b635b8fef4f909d
memory_window300,memory_stress,3,71.17274418099987,71.00917812499938,71.29720415200063,71.15,0.01,24.2890625,24.41015625,True,1,4b13141f180ec263b2ab5741978980aa0dad0358121f48e94b635b8fef4f909d
cache_computed_control,accessibility,3,0.8214747539987002,0.8063602679994801,0.825382967999758,0.81,0.0,20.015625,20.140625,True,1,4e85ea382cca678c872dbd6a2db44166587c7287303aa9430e518c4eeeb1d532
cache_reused,accessibility,3,0.4899478619990987,0.48966892400130746,0.4942459100002452,0.48,0.0,14.625,14.65625,True,1,4e85ea382cca678c872dbd6a2db44166587c7287303aa9430e518c4eeeb1d532
blas_one_control,biological,3,0.05221331500069937,0.051877538000553614,0.052547638999385526,0.04,0.0,16.765625,16.890625,True,1,165ff5f67bf5903614b8fc7653fff64248c219da11cff07801126618cb05d286
blas_unset,biological,3,0.14719683800103667,0.08107976300016162,0.14739105199987534,1.48,0.0,18.03125,18.140625,True,1,165ff5f67bf5903614b8fc7653fff64248c219da11cff07801126618cb05d286
blas_twelve,biological,3,0.08608295200065186,0.08293307199892297,0.13168180699904042,0.89,0.0,18.015625,18.03125,True,1,165ff5f67bf5903614b8fc7653fff64248c219da11cff07801126618cb05d286
memory_s,memory_stress,3,21.380113020999488,21.343466678999903,21.417944697001076,21.31,0.06,127.5,127.61328125,True,1,4b13141f180ec263b2ab5741978980aa0dad0358121f48e94b635b8fef4f909d
memory_s_window300,memory_stress,3,59.70793401499941,59.652079794999736,59.79934105799839,59.56,0.15,24.13671875,24.16015625,True,1,4b13141f180ec263b2ab5741978980aa0dad0358121f48e94b635b8fef4f909d
cache_matched_computed,accessibility,3,0.8053767340006743,0.8047242970005755,0.8079228389997297,0.79,0.0,19.890625,20.015625,True,1,4e85ea382cca678c872dbd6a2db44166587c7287303aa9430e518c4eeeb1d532
cache_matched_reused,accessibility,3,0.49164027200095006,0.49093954599993594,0.49353864999829966,0.48,0.0,14.625,14.75,True,1,4e85ea382cca678c872dbd6a2db44166587c7287303aa9430e518c4eeeb1d532
